"Crispy Cheese and Mushroom Quesadillas","20 min","https://www.simplyrecipes.com/author/sally-vargas/","Vegetarian","Crispy, cheesy quesadillas come together in just minutes! To make these a more complete meal, we add mushrooms to the mix. They make a quick snack, or a full meal with a salad or soup on the side."
"Mediterranean Mezze Platter","20 min","https://www.simplyrecipes.com/author/katie-morford/","Healthy, Vegetarian","A Mezze Platter is an easy, fun, and family-friendly dinner! Use the ingredients listed as a starting point with room to swap in other dips, vegetables, or fruits depending on what’s in season and what you have on hand."
"Cacio e Pepe","30 min","https://www.simplyrecipes.com/author/jessica-gavin/","Vegetarian","Cacio e pepe is the most divine pasta dish made with simple, high quality ingredients. Tender noodles tossed in a two-cheese blend and a hint of cream ensure luscious forkfuls. Freshly cracked black pepper adds tiny spicy bursts of flavor with each bite."
"Chicken Panzanella Salad","30 min","https://www.simplyrecipes.com/author/nick-evans/","Dairy-Free","Who knew stale bread could be so good? This Chicken Panzanella Salad with bread, tomatoes, and shredded chicken is the perfect dinner for a hot summer night. Easy, delicious, and good enough to eat on its own!"
"Easy Chicken Skillet Enchiladas","30 min","https://www.simplyrecipes.com/author/summer-miller/","","These chicken skillet enchiladas are easy to make and ready in 30 minutes. They also use only one pan and are great to double and freeze for a meal down the road!"
"Stovetop Double-Stack Cheeseburgers","25 min","https://www.simplyrecipes.com/author/nick-evans/","","Want a great burger cooked on the stovetop? These double-stacked cheeseburgers are what your cravings desire: thin, tender patties, melty cheese, and a generous amount of secret sauce. Don't forget a napkin!"
"Skillet Shrimp Fajitas","25 min","https://www.simplyrecipes.com/author/nick-evans/","","It's all in the seasoning for these skillet shrimp fajitas! Toss shrimp in some chili powder and red pepper flakes, and then quickly cook them in a skillet with some veggies. Better-than-restaurant quality fajitas are yours in no time!"
"Homemade Pepperoni Pizza","25 min","https://www.simplyrecipes.com/author/nick-evans/","","This Homemade Pepperoni Pizza has everything you want—a great crust, gooey cheese, and tons of pepperoni. The secret to great pepperoni flavor? Hide extra under the cheese! Who needs delivery?"
"Pan-Seared Pork Chops with Garlic and Greens","8 hrs, 25 min","https://www.simplyrecipes.com/author/sally-vargas/","Paleo","These pan-seared pork chops with a side of garlicky greens are the perfect one-pan meal. It's ready in about half an hour, too! P.S. Brining makes all the difference with  making juicy chops, so don't skip it."
"Pan Seared Scallops with Sweet Corn and Chiles","30 min","https://www.simplyrecipes.com/author/sally-vargas/","","Pan seared scallops nestled in a bed of sweet corn and poblano chiles—perfect for sultry summer nights. Invite some friends over, pour a glass of crisp white wine, and watch the fireflies."
"Garlic Herb Steak Bites","25 min","https://www.simplyrecipes.com/author/nick-evans/","","These Garlic Herb Steak Bites can be whatever you want. Appetizer? Serve them with toothpicks. Dinner entrée? Serve them with rice or potatoes! Kids love 'em, too!"
"Grilled Salmon with Cucumber Mango Salsa","23 min","https://www.simplyrecipes.com/author/summer-miller/","Dairy-Free, Gluten-Free, Low Carb, Paleo","This quick and easy grilled salmon is kissed with lime and chili pepper, then topped with a cool, refreshing, colorful, and utterly delicious cucumber mango salsa. It’s okay. Go ahead and do a happy dance—you just won summer!"
"Skirt Steak with Avocado Chimichurri","33 min","https://www.simplyrecipes.com/author/jessica-gavin/","Dairy-Free, Gluten-Free, Low Carb, Paleo","Add a little Argentinian flair to pan-seared skirt steak with a simple avocado chimichurri sauce. The lean and beefy cut cooks in just minutes in a sizzling hot skillet. It’s a quick dinner that will take your taste buds on a South American adventure!"
"4 Skillet Chicken Freezer Meals for Busy Weeknights","","https://www.simplyrecipes.com/author/summer-miller/","","Busy weeks call for freezer meals and skillet dinners! Southwestern, Italian, Herbes de Provence, and Chinese 5-Spice—each one of these skillet chicken dinner is packed with vegetables and on the table in about 35 minutes!"
"How to Cook Skirt Steak","23 min","https://www.simplyrecipes.com/author/jessica-gavin/","Gluten-Free, Low Carb, Paleo","Skirt steak is a meat lover’s dream! This thin, quick-cooking cut is loaded with beefy flavor and stays tender and juicy after briefly searing in a hot pan. Learn how to cook skirt steak with finesse with these simple tips."
"Loaded Sheet Pan Nachos","17 min","https://www.simplyrecipes.com/author/carrie-havranek/","","Whether we're talking a casual movie night with the family or Super Bowl Sunday, these Loaded Sheet Pan Nachos are ready to party! They come together quickly and easily, and are so much fun to each straight from the pan."
"Easy Tomato Soup","40 min","https://www.simplyrecipes.com/author/summer-miller/","Dairy-Free, Vegan, Vegetarian","This Classic Tomato Soup is rich with a velvety texture. It’s easy to make with canned tomatoes, and perfectly suited for all of your grilled cheese dipping needs. Better than a can of Campbell's and just about as easy!"
"Quick and Easy Pan-Fried Flank Steak","35 min","https://www.simplyrecipes.com/author/elise-bauer/","Gluten-Free, Low Carb, Paleo","A quick and easy way of cooking lean flank steak on the stovetop."
"English Muffin Tuna Melts","30 min","https://www.simplyrecipes.com/author/nick-evans/","","English Muffin Tuna Melts! If you've got the fixins for tuna salad, some cheese, and a few English Muffins, you've got dinner. With any luck, you've got dinner your kids will love, too."
"Pasta with Spinach, Artichokes and Ricotta","30 min","https://www.simplyrecipes.com/author/sally-vargas/","Vegetarian","There are never enough pasta recipes, right? Here's a quick one that combines creamy ricotta, spinach, and artichoke hearts, topped a crunchy mix of breadcrumbs and almonds."
"Chicken Tikka Masala","35 min","https://www.simplyrecipes.com/author/lisa-lin/","Gluten-Free","This easy stovetop Chicken Tikka Masala tastes just like your favorite Indian take-out and is ready in under an hour. Leftovers are even better the next day!"
"Puerto Rican Salmorejo (Stewed Crab and Tomatoes with Rice)","30 min","https://www.simplyrecipes.com/author/marta-rivera/","","Puerto Rican Salmorejo de Jueyes is a treat for anyone who loves crab! Traditionally an all-day family affair, buying lump crab meat means you can have this hearty stew and rice on the table in about a half an hour."
"Italian Grilled Cheese Sandwiches","30 min","https://www.simplyrecipes.com/author/nick-evans/","","Italian Grilled Cheese Sandwiches! Italian sub, meet your friend, grilled cheese!  This is a gooey match made in heaven: three kinds of Italian deli meat, provolone, and buttery toasted bread."
"Beef and Broccoli Ramen Stir Fry","25 min","https://www.simplyrecipes.com/author/nick-evans/","","A Chinese takeout favorite—beef with broccoli—cooked with ramen noodles means this is one completely filling meal. And it's on the table in less than 30 minutes!"
"Chicken Piccata","20 min","https://www.simplyrecipes.com/author/elise-bauer/","","Easy Chicken Piccata! Takes 20 minutes to make. Chicken breast cutlets, dredged in flour, browned, served with sauce of butter, lemon juice, capers, and stock or wine."
"Easy Grilled Salmon","45 min","https://www.simplyrecipes.com/author/elise-bauer/","Gluten-Free, Low Carb, Paleo","Here's an easy way to grill salmon without the fish sticking to the grates. Promise! And mix up your approach with 4 different marinades while you're at it."
"Quick Easy Fish Stew","30 min","https://www.simplyrecipes.com/author/elise-bauer/","Gluten-Free, Low Carb","Quick, easy, and absolutely delicious fish stew! Fresh fish fillets cooked in a stew with onions, garlic, parsley, tomato, clam juice and white wine."
"Poached Salmon","15 min","https://www.simplyrecipes.com/author/elise-bauer/","Gluten-Free, Low Carb, Paleo","Poach delicious salmon steaks or fillets in only 15 minutes! Salmon poached in white wine, seasoned with fresh dill."
"Pan-Fried London Broil Steak","25 min","https://www.simplyrecipes.com/author/elise-bauer/","Gluten-Free, Low Carb","London Broil - Top round steak, seasoned with dry mustard, salt, pepper, and rubbed with butter, pan fried to brown, then finished in the oven if necessary with thicker cuts."
"Mom’s Ground Turkey and Peppers","30 min","https://www.simplyrecipes.com/author/elise-bauer/","Gluten-Free, Low Carb, Paleo","This 1-pot ground turkey and peppers recipe is quick and easy! Sautéed ground turkey with onions, garlic, bell peppers, and seasoned with chipotle chili."
"Shrimp Scampi","15 min","https://www.simplyrecipes.com/author/elise-bauer/","Gluten-Free, Low Carb, Paleo","Quick and easy shrimp scampi. Shrimp sautéed in easy scampi sauce with garlic, butter, olive oil, and white wine, tossed with red pepper flakes and parsley."
"Hamburger and Macaroni","25 min","https://www.simplyrecipes.com/author/elise-bauer/","","Hamburger and Macaroni! Others call it goulash or even American chop suey. Whatever you call it, it's great for a midweek meal. Browned ground beef cooked in a tomato onion sauce, mixed in with elbow macaroni. So good!"
"Baked Cod with Ritz Cracker Topping","30 min","https://www.simplyrecipes.com/author/elise-bauer/","","Baked white fish, such as cod, haddock, scrod, hake or bass, baked with a buttery Ritz cracker crust."
"Pepperoni Pizza Penne Pasta","35 min","https://www.simplyrecipes.com/author/nick-evans/","","Eat Your Food! Think of pepperoni pizza, but as pasta! Kid-friendly, and parents can add some extra spice to their bowls with a crunchy breadcrumb topping."
"Smoked Salmon Pasta","40 min","https://www.simplyrecipes.com/author/elise-bauer/","","Smoked salmon with pasta in a sauce of shallots, garlic, white wine, lemon, and cream, with toasted pine nuts and parsley."
"Quick and Easy Pan-Fried Flank Steak","35 min","https://www.simplyrecipes.com/author/elise-bauer/","Gluten-Free, Low Carb, Paleo","A quick and easy way of cooking lean flank steak on the stovetop."
"English Muffin Tuna Melts","30 min","https://www.simplyrecipes.com/author/nick-evans/","","English Muffin Tuna Melts! If you've got the fixins for tuna salad, some cheese, and a few English Muffins, you've got dinner. With any luck, you've got dinner your kids will love, too."
"Pasta with Spinach, Artichokes and Ricotta","30 min","https://www.simplyrecipes.com/author/sally-vargas/","Vegetarian","There are never enough pasta recipes, right? Here's a quick one that combines creamy ricotta, spinach, and artichoke hearts, topped a crunchy mix of breadcrumbs and almonds."
"Chicken Tikka Masala","35 min","https://www.simplyrecipes.com/author/lisa-lin/","Gluten-Free","This easy stovetop Chicken Tikka Masala tastes just like your favorite Indian take-out and is ready in under an hour. Leftovers are even better the next day!"
"Puerto Rican Salmorejo (Stewed Crab and Tomatoes with Rice)","30 min","https://www.simplyrecipes.com/author/marta-rivera/","","Puerto Rican Salmorejo de Jueyes is a treat for anyone who loves crab! Traditionally an all-day family affair, buying lump crab meat means you can have this hearty stew and rice on the table in about a half an hour."
"Italian Grilled Cheese Sandwiches","30 min","https://www.simplyrecipes.com/author/nick-evans/","","Italian Grilled Cheese Sandwiches! Italian sub, meet your friend, grilled cheese!  This is a gooey match made in heaven: three kinds of Italian deli meat, provolone, and buttery toasted bread."
"Beef and Broccoli Ramen Stir Fry","25 min","https://www.simplyrecipes.com/author/nick-evans/","","A Chinese takeout favorite—beef with broccoli—cooked with ramen noodles means this is one completely filling meal. And it's on the table in less than 30 minutes!"
"Chicken Piccata","20 min","https://www.simplyrecipes.com/author/elise-bauer/","","Easy Chicken Piccata! Takes 20 minutes to make. Chicken breast cutlets, dredged in flour, browned, served with sauce of butter, lemon juice, capers, and stock or wine."
"Easy Grilled Salmon","45 min","https://www.simplyrecipes.com/author/elise-bauer/","Gluten-Free, Low Carb, Paleo","Here's an easy way to grill salmon without the fish sticking to the grates. Promise! And mix up your approach with 4 different marinades while you're at it."
"Quick Easy Fish Stew","30 min","https://www.simplyrecipes.com/author/elise-bauer/","Gluten-Free, Low Carb","Quick, easy, and absolutely delicious fish stew! Fresh fish fillets cooked in a stew with onions, garlic, parsley, tomato, clam juice and white wine."
"Poached Salmon","15 min","https://www.simplyrecipes.com/author/elise-bauer/","Gluten-Free, Low Carb, Paleo","Poach delicious salmon steaks or fillets in only 15 minutes! Salmon poached in white wine, seasoned with fresh dill."
"Pan-Fried London Broil Steak","25 min","https://www.simplyrecipes.com/author/elise-bauer/","Gluten-Free, Low Carb","London Broil - Top round steak, seasoned with dry mustard, salt, pepper, and rubbed with butter, pan fried to brown, then finished in the oven if necessary with thicker cuts."
"Mom’s Ground Turkey and Peppers","30 min","https://www.simplyrecipes.com/author/elise-bauer/","Gluten-Free, Low Carb, Paleo","This 1-pot ground turkey and peppers recipe is quick and easy! Sautéed ground turkey with onions, garlic, bell peppers, and seasoned with chipotle chili."
"Shrimp Scampi","15 min","https://www.simplyrecipes.com/author/elise-bauer/","Gluten-Free, Low Carb, Paleo","Quick and easy shrimp scampi. Shrimp sautéed in easy scampi sauce with garlic, butter, olive oil, and white wine, tossed with red pepper flakes and parsley."
"Hamburger and Macaroni","25 min","https://www.simplyrecipes.com/author/elise-bauer/","","Hamburger and Macaroni! Others call it goulash or even American chop suey. Whatever you call it, it's great for a midweek meal. Browned ground beef cooked in a tomato onion sauce, mixed in with elbow macaroni. So good!"
"Baked Cod with Ritz Cracker Topping","30 min","https://www.simplyrecipes.com/author/elise-bauer/","","Baked white fish, such as cod, haddock, scrod, hake or bass, baked with a buttery Ritz cracker crust."
"Pepperoni Pizza Penne Pasta","35 min","https://www.simplyrecipes.com/author/nick-evans/","","Eat Your Food! Think of pepperoni pizza, but as pasta! Kid-friendly, and parents can add some extra spice to their bowls with a crunchy breadcrumb topping."
"Smoked Salmon Pasta","40 min","https://www.simplyrecipes.com/author/elise-bauer/","","Smoked salmon with pasta in a sauce of shallots, garlic, white wine, lemon, and cream, with toasted pine nuts and parsley."
"Hamburger Stroganoff","35 min","https://www.simplyrecipes.com/author/elise-bauer/","","Hamburger stroganoff made with ground beef in a sour cream mushroom sauce, with onions, parsley, paprika, served over egg noodles."
"Salmon Fried Rice","25 min","https://www.simplyrecipes.com/author/elise-bauer/","Gluten-Free","Have leftover rice and cooked salmon? Make salmon fried rice! Comes together in minutes. Easy and so good!"
"Honey Mustard Baked Salmon","20 min","https://www.simplyrecipes.com/author/elise-bauer/","Gluten-Free, Paleo","Honey Mustard Salmon - this easy baked salmon recipe is an easy, delicious way to dress up salmon fillets! Takes only 20 minutes start to finish."
"EASY Italian Sausage Spaghetti","40 min","https://www.simplyrecipes.com/author/elise-bauer/","","Quick and easy spaghetti recipe with Italian sausage. The tomato-based sauce gets its seasoning from the sweet and spicy sausages. Our favorite way to make spaghetti!"
"Chicken Larb Lettuce Wraps (Larb Gai)","25 min","https://www.simplyrecipes.com/author/sally-vargas/","Dairy-Free, Gluten-Free","Ever had chicken larb?! If you're looking for a quick, super flavorful, and spicy meal, look no further than this spin on Laotian chicken larb. Use either ground chicken or turkey and serve it in sweet, buttery lettuce wraps."
"Fettuccine Alfredo","30 min","https://www.simplyrecipes.com/author/elise-bauer/","Vegetarian","Fettuccine Alfredo two ways: with cream and nutmeg, or with butter and Parmesan! Try it both ways and decide which one you like the best!"
"Creamy Ziti Florentine","20 min","https://www.simplyrecipes.com/author/sally-vargas/","Vegetarian","Creamy Ziti Florentine is a good weeknight recipe to have in your back pocket. Made with spinach, green onions, lemon, and ricotta cheese. Quick and easy stove-top recipe!"
"Steak Diane","30 min","https://www.simplyrecipes.com/author/elise-bauer/","Gluten-Free, Low Carb","Try this classic recipe for Steak Diane! "Diane" refers to the pan sauce made with mustard, Worcestershire, cream, and cognac. It's ready in under 30 minutes, making it a great choice for a date night in!"
"Chicken Scampi with Angel Hair Pasta","20 min","https://www.simplyrecipes.com/author/aaron-hutcherson/","","20 Min EASY Chicken Scampi with Angel Hair Pasta! Swap the shrimp for chicken in this classic recipe. All you need is chicken, angel hair pasta, butter, olive oil, garlic, white wine, lemon, and parsley. Perfect midweek dinner!"
"Pork Schnitzel","30 min","https://www.simplyrecipes.com/author/elise-bauer/","","Pork Schnitzel! An authentic schnitzel - thinly pounded breaded pork cutlets, browned and served with a creamy dill sauce."
"Easy Coconut Shrimp Curry","30 min","https://www.simplyrecipes.com/author/elise-bauer/","Gluten-Free, Low Carb, Paleo","Delicious Coconut Shrimp Curry! Quick and EASY, this shrimp curry dish with coconut milk is perfect for a midweek meal. ONE pot and it takes only 30 minutes to make, and that's starting with frozen shrimp!"
"Mussels in White Wine Sauce","35 min","https://www.simplyrecipes.com/author/elise-bauer/","Gluten-Free, Low Carb","A traditional French dish, mussels mariniere, or moules mariniere. Mussels steamed in white wine, served in sauce of juices from the mussels, wine, butter, and shallots."
"One Pot Chicken and Orzo","35 min","https://www.simplyrecipes.com/author/elise-bauer/","","One pot chicken and orzo with onions, tomato, garlic. Delicious! Quick and easy too."
"Apricot Chicken","50 min","https://www.simplyrecipes.com/author/elise-bauer/","Gluten-Free","Got fresh apricots? Make this easy Apricot Chicken skillet dinner! It's ready in under an hour and makes a great change from your usual weeknight chicken routine. (You can swap in dried apricots, too.)"
"Cheesy Bruschetta Chicken Cutlets","15 min","https://www.simplyrecipes.com/author/coco-morante/","Gluten-Free","QUICK and EASY cheesy bruschetta chicken cutlets! Ready in 15 minutes flat. Chicken cutlets topped with canned tomatoes, garlic, mozzarella and parmesan cheese!"
"How to Make Pressure Cooker Egg Bites","35 min","https://www.simplyrecipes.com/author/coco-morante/","","In addition to looking darn adorable, these pressure cooker egg bites are super delicious and easy to make! Just like Starbucks' egg bites, but better because you made them yourself!"
"Shrimp Pasta alla Vodka","30 min","https://www.simplyrecipes.com/author/elise-bauer/","","Easy 30-minute Shrimp Pasta with creamy tomato vodka sauce, so rich and delicious!"
"Basil Chicken Coconut Curry","40 min","https://www.simplyrecipes.com/author/elise-bauer/","Gluten-Free","Basil coconut chicken curry made with chicken thighs, jalapeño, coconut milk, basil and ginger"
"Skillet Chicken Puttanesca","30 min","https://www.simplyrecipes.com/author/sheryl-julian/","Gluten-Free, Paleo","This Skillet Chicken Puttanesca comes together so quickly, you'll hardly believe how good it tastes. Made with chicken breasts, canned tomatoes, olives, capers, anchovies, fresh oregano, and plenty of olive oil. Ready in 30 minutes."
"BBQ Pulled Jackfruit Tacos","25 min","https://www.simplyrecipes.com/author/megan-gordon/","Vegan, Vegetarian","Jackfruit makes an easy, meat-free meal any night of the week. Here, we're making tacos! Warm it up with your favorite BBQ sauce and pile it into tortillas with all your favorite toppings."
"Panko-Crusted Baked Salmon","22 min","https://www.simplyrecipes.com/author/elise-bauer/","","Panko-crusted baked salmon! Salmon steaks or fillets coated in honey mustard, breaded with Japanese panko crumbs, and baked to perfection."
"Sweet Potato and Black Bean Tacos","40 min","https://www.simplyrecipes.com/author/elizabeth-stark/","Gluten-Free, Vegetarian","Turn sweet potatoes and black beans into a simple, healthy dinner with these tacos! 30 minute meal."
"Paprika Chicken with Chickpeas","50 min","https://www.simplyrecipes.com/author/elise-bauer/","Gluten-Free","One pot easy baked chicken thighs with smoked paprika, onions, and chickpeas!"
"Broccoli Beef Stir Fry","30 min","https://www.simplyrecipes.com/author/jaden-hair/","Healthy, Low Carb","This classic Chinese Broccoli Beef Stir Fry recipe only 30 minutes from start to finish! Crisp-tender broccoli and tender steak, all decked out in a savory sauce. Serve with rice."
"Pasta Skillet with Chicken Sausage, Cheese & Spinach","40 min","https://www.simplyrecipes.com/author/lisa-lin/","","Try this one-skillet pasta dinner with chicken sausage, cheese, and spinach! Takes only 30 minutes to make."
"Flank Steak Stir Fry with Asparagus and Red Pepper","40 min","https://www.simplyrecipes.com/author/elise-bauer/","Gluten-Free, Low Carb","This Flank Steak Stir Fry comes together quickly with flank steak, asparagus, and red bell peppers. Perfect for a quick midweek dinner!"
"Pork Chops with Dijon Sauce","35 min","https://www.simplyrecipes.com/author/elise-bauer/","Gluten-Free, Low Carb","Pan-fried pork chops with a creamy Dijon mustard sauce."
"How to Poach Chicken, the Quick and Easy Way","15 min","https://www.simplyrecipes.com/author/emma-christensen/","Gluten-Free, Low Carb, Paleo","Poaching chicken is the EASIEST way to cook chicken for quick weeknight meals! Great for making shredded or sliced chicken for easy soups, lunch salads, burrito bowls, and more."
"Joe’s Special (Scrambled Eggs with Spinach, Beef, and Mushrooms)","40 min","https://www.simplyrecipes.com/author/coco-morante/","Gluten-Free, Low Carb","Make a diner classic for dinner tonight - Joe's Special! Scrambled eggs with spinach, beef, onions, garlic, and mushrooms. 30 minutes."
"Pasta with Ham and Peas","30 min","https://www.simplyrecipes.com/author/elise-bauer/","","Great use for leftover ham! Quick and easy, ham and peas with pasta, cream, and Parmesan."
"Baked Chicken Marinara","40 min","https://www.simplyrecipes.com/author/elise-bauer/","","Baked Chicken Marinara - chicken pieces coated with Parmesan and bread crumbs, fried and covered with a tomato basil marinara sauce, and topped with melted Mozzarella. A flavorful alternative to chicken parmesan."
"Cauliflower Chickpea Curry","40 min","https://www.simplyrecipes.com/author/elise-bauer/","Gluten-Free, Vegan, Vegetarian","Delicious vegan curry with cauliflower, chickpeas, onion, tomato, and cilantro."
"Sheet Pan Chicken with Roasted Broccoli and Potatoes","45 min","https://www.simplyrecipes.com/author/sabrina-modelle/","Gluten-Free","Sheet pan chicken with roasted potatoes and broccoli! Everything cooks together on one baking sheet - so easy. Use chicken thighs for tender, juicy results every time."
"Chicken Fried Rice","25 min","https://www.simplyrecipes.com/author/lisa-lin/","Gluten-Free","Chicken Fried Rice! This is an easy weeknight meal made on the stovetop. Made with chicken, eggs, onions, carrots, peas, and rice!"
"Easy Mexican Chicken and Rice Soup","25 min","https://www.simplyrecipes.com/author/sally-vargas/","Gluten-Free","This Mexican Chicken and Rice Soup takes classic chicken soup to a spicy, tomatoey new place. Serve with cilantro, lime wedges, and tortillas on the side."
"Traditional Roast Beef Hash","30 min","https://www.simplyrecipes.com/author/elise-bauer/","Gluten-Free","Traditional roast beef hash! Cooked beef, ground through a meat grinder with onions and potatoes and then fried."
"Creamy Dijon Mustard Chicken","35 min","https://www.simplyrecipes.com/author/elise-bauer/","Gluten-Free, Low Carb","This chicken with creamy dijon mustard sauce is an easy and fast weeknight meal. The chicken cutlets and sauce are all cooked in the same skillet, making clean-up a breeze."
"How to Grill Juicy Boneless Skinless Chicken Breasts","50 min","https://www.simplyrecipes.com/author/elise-bauer/","Gluten-Free, Low Carb, Paleo","How to get juicy chicken breasts on the grill? It's all in the brine! Just 30 minutes of brining makes all the difference between dry chicken and perfect chicken."
"Salsa Verde Chicken Bake","35 min","https://www.simplyrecipes.com/author/elise-bauer/","Gluten-Free","Boneless, skinless chicken breasts baked in tomatillo salsa verde sauce, topped with melted jack cheese. 1-pot, easy dinner!"
"Thai Green Curry with Chicken","35 min","https://www.simplyrecipes.com/author/elizabeth-stark/","Gluten-Free, Low Carb, Paleo","This easy green curry is made with chicken, coconut milk, fresh herbs, and lime. You'll have a stunning dish to admire, smell, and taste!"
"Salmon with Lemon Cream Sauce","20 min","https://www.simplyrecipes.com/author/elise-bauer/","Gluten-Free, Low Carb","Sautéed salmon fillets served with a simple lemony cream sauce."
"Cheesy Baked Hot Dogs","35 min","https://www.simplyrecipes.com/author/nick-evans/","","Cheesy Baked Hot Dogs! Take a perennial kid favorite—hot dogs—to the next level by adding cheese and baking them in the oven to crispy, gooey perfection. Some onions and relish help, too."
"Pasta with Turkey Sausage and Smoked Mozzarella","35 min","https://www.simplyrecipes.com/author/elise-bauer/","","Pasta with a tomato sauce with Italian turkey sausage and smoked mozzarella cheese."
"Angel Hair Pasta with Shrimp and Parmesan Lemon Cream Sauce","25 min","https://www.simplyrecipes.com/author/elise-bauer/","","Angel hair pasta, also called capellini, served with shrimp and a lemon cream sauce with herbs and parmesan."
"Cheesy Hamburger Pasta Skillet","40 min","https://www.simplyrecipes.com/author/megan-keno/","","Cheesy Hamburger Pasta Skillet! Way better than a box mix and just as quick and easy! 1-pot, make it for dinner and have the leftovers for lunch."
"Fish Tacos","20 min","https://www.simplyrecipes.com/author/elise-bauer/","","Make fish tacos with fresh fish fillets, corn tortillas, salsa, avocado, and coleslaw with this quick and easy fish taco recipe."
"Fried Catfish","30 min","https://www.simplyrecipes.com/author/hank-shaw/","","Crispy fried catfish fillets coated in a seasoned cornmeal crust!"
"Pasta Puttanesca","40 min","https://www.simplyrecipes.com/author/hank-shaw/","","A classic Italian pasta sauce based on pantry items such as olives, capers, anchovies and canned tomatoes."
"Quick and Easy Bolognese Sauce","40 min","https://www.simplyrecipes.com/author/sally-vargas/","","Rich, meaty Bolognese Sauce is easy to make and can be on the table in 35 minutes. Use it to top pasta noodles, or layer in lasagna. It’s freezer-friendly too. Make a double or triple batch to enjoy all winter long!"
"Sole Piccata","20 min","https://www.simplyrecipes.com/author/elise-bauer/","Low Carb","Petrale sole fillets, dusted in flour, sautéed in olive oil and served with a sauce of white wine, lemon juice, capers, parsley and butter."
"Peppercorn Steak","1 hr","https://www.simplyrecipes.com/author/elise-bauer/","Gluten-Free, Low Carb","Classic Steak au Poivre, or steak with a creamy peppercorn sauce"
"One-Pot Chicken and Rice Soup","45 min","https://www.simplyrecipes.com/author/aaron-hutcherson/","Gluten-Free","One-Pot Chicken and Rice Soup! Throw bone-in chicken, rice, and vegetables together in a pot and simmer until they're done. It's the easiest soup ever, ready in under an hour."
"Mom’s Perfect Pork Chops","25 min","https://www.simplyrecipes.com/author/elise-bauer/","Gluten-Free, Low Carb, Paleo","Pan-fried pork chops on the stovetop are so quick and easy! Use a homemade dry rub to really bring out the flavor of the chops."
"Pork Tenderloin with Apples","35 min","https://www.simplyrecipes.com/author/elise-bauer/","","An easy, tender, succulent pork tenderloin recipe with sliced apples."
"Turkey Stroganoff","25 min","https://www.simplyrecipes.com/author/elise-bauer/","","Turkey Stroganoff recipe made with turkey leftovers, mushrooms, thyme and sour cream."
"Grilled Garlic Shrimp Skewers","25 min","https://www.simplyrecipes.com/author/elise-bauer/","Gluten-Free, Low Carb","Easy grilled shrimp basted with garlic butter. It's shrimp on a stick!"
"Shrimp Quesadilla","25 min","https://www.simplyrecipes.com/author/elise-bauer/","","Shrimp quesadilla! Flour tortillas toasted with shredded Monterey Jack cheese and pan-seared shrimp with onions, cilantro, avocados"
"Chicken Florentine Pesto Pasta","30 min","https://www.simplyrecipes.com/author/elise-bauer/","","A marriage of traditional chicken Florentine with pasta and basil pesto. Sliced sautéed chicken breasts with spinach, garlic, white wine, cream, pesto, and pasta."
"Mediterranean Tuna Pasta","30 min","https://www.simplyrecipes.com/author/elise-bauer/","","Quick and easy! Tuna pasta with canned tuna, tomato, red onion, kalamata olives, lemon, capers, and Mozzarella cheese"
"Rotisserie Chicken Stroganoff","40 min","https://www.simplyrecipes.com/author/nick-evans/","","Give classic stroganoff a twist with some shredded rotisserie chicken! This whole dinner comes together in a jiffy, making it a new staple for busy weeknights."
"Chicken Thighs with Mushrooms and Shallots","30 min","https://www.simplyrecipes.com/author/elise-bauer/","Gluten-Free, Low Carb","Quick and Easy! Chicken thighs browned and baked, served with a creamy mushroom, shallot, tarragon sauce."
"Eggplant Green Curry","30 min","https://www.simplyrecipes.com/author/garrett-mccord/","Gluten-Free, Vegan, Vegetarian","Thai green curry with sautéed asian eggplant, red bell peppers, lemongrass, and coconut milk."
"Salmon with Tomato, Onions, and Capers","35 min","https://www.simplyrecipes.com/author/elise-bauer/","Gluten-Free, Low Carb","Quick, easy, healthy! Salmon fillets poached in a tomato onion caper sauce with white wine."
"Skillet Lemon Rosemary Chicken","1 hr, 35 min","https://www.simplyrecipes.com/author/elise-bauer/","Gluten-Free, Low Carb, Paleo","Easy! Lemon Rosemary Chicken ~ Chicken thighs rubbed and marinated with lemon, rosemary, garlic, then seared in skillet and finished in oven."
"Oven-Roasted Salmon, Asparagus and New Potatoes","42 min","https://www.simplyrecipes.com/author/elise-bauer/","Gluten-Free","Oven Roasted Salmon, Asparagus & New Potatoes are quick, EASY, and delicious! Make everything in one sheet pan, easy clean-up, perfect for a midweek dinner"
"Baked Shrimp in Tomato Feta Sauce","30 min","https://www.simplyrecipes.com/author/elise-bauer/","Gluten-Free","Quick and easy, shrimp baked in a tomato sauce with onions, garlic, parsley, dill, and feta cheese."
"Seared Tuna with Avocado","16 min","https://www.simplyrecipes.com/author/elise-bauer/","Gluten-Free, Low Carb","Sushi-grade tuna steaks, pan seared, served with slices of avocado and a ginger, soy, cilantro, lime, garlic sauce."
"Liver and Onions","30 min","https://www.simplyrecipes.com/author/elise-bauer/","Low Carb","Liver and onions! Calves liver, dredged in seasoned flour, sauteed in bacon fat, with thinly sliced onions."
"Pressure Cooker Saag Tofu (Indian Spinach and Tofu)","40 min","https://www.simplyrecipes.com/author/coco-morante/","Gluten-Free, Vegan, Vegetarian","Pressure Cooker Saag Tofu! This is a super-quick, vegan version of the classic Indian spinach dish. Made with frozen spinach, canned tomatoes, tofu, coconut milk, and spices."
"Singapore Noodles with Shrimp","40 min","https://www.simplyrecipes.com/author/sheryl-julian/","Gluten-Free","This easy noodle stir-fry comes together in just over ten minutes! Leave the take-out menu in the drawer and make this one at home."
"Classic King Crab","13 min","https://www.simplyrecipes.com/author/hank-shaw/","Gluten-Free, Low Carb","Alaskan King Crab steamed briefly and served with melted butter."
"Spaghetti with Tomatoes, Bacon, and Eggs","20 min","https://www.simplyrecipes.com/author/sally-vargas/","","Spaghetti with Tomatoes, Bacon, and Eggs—the ultimate comfort food! Ready in the time it takes to cook the spaghetti. Such a perfect combination, so easy for a weeknight dinner."
"Korean Beef Skewers","48 min","https://www.simplyrecipes.com/author/sabrina-modelle/","Gluten-Free, Low Carb, Paleo","Grilled beef skewers with a spicy Korean marinade. Quick and easy Paleo dinner."
"Ginger-Soy Steamed Salmon with Spicy Maple Sauce","30 min","https://www.simplyrecipes.com/author/nick-evans/","Paleo","In this installment of Eat Your Food! from our writer Nick Evans, he feeds his kids Ginger-Soy Steamed Salmon with Spicy Maple Sauce. Regardless of whether you have tiny mouths to feed, this cooks quickly in a steamer basket and makes for a well-rounded, flavorful dinner."
"Pressure Cooker Turkey with Dijon Gravy","1 hr, 10 min","https://www.simplyrecipes.com/author/coco-morante/","","Pressure Cooker Turkey with Dijon Gravy! Make with turkey legs or thighs, or bone-in half-breasts. Ready in about an hour. Works well for a family dinner or small holiday gathering."
"Pan Seared Salmon with Avocado Remoulade","25 min","https://www.simplyrecipes.com/author/elise-bauer/","Gluten-Free, Low Carb, Paleo","Pan seared salmon with a creamy avocado remoulade sauce, avocados puréed with lime juice, olive oil, shallots, parsley, and Dijon."
"Chicken Curry in a Hurry","30 min","https://www.simplyrecipes.com/author/elise-bauer/","Gluten-Free, Low Carb","A quick, tasty, and filling recipe for chicken curry."
"Shrimp with Snow Peas","25 min","https://www.simplyrecipes.com/author/elise-bauer/","Low Carb","A classic Chinese stir fry of shrimp and snow peas with a mild ginger-garlic sauce."
"Easy Vegetable Fried Rice","30 min","https://www.simplyrecipes.com/author/katie-workman/","Vegetarian","Skip the wait for take-out, and make this Easy Vegetable Stir Fried Rice instead! It uses up a mess of vegetables along with leftover rice and some eggs for protein, and it's ready in a half an hour."
"Chicken Breasts with Mustard Cream Sauce","30 min","https://www.simplyrecipes.com/author/sally-vargas/","","Easy recipe for chicken breasts with a quick mustard cream sauce! Ready in under 30 minutes. Great with rice, pasta, or a green salad."
"Tuna Pasta with Tomato and Olives","30 min","https://www.simplyrecipes.com/author/elise-bauer/","","Easy to make! Pasta with sauce of tuna, tomato, garlic, shallots, olives, parsley."
"Baked Chicken Parmesan","40 min","https://www.simplyrecipes.com/author/elise-bauer/","","Baked Chicken Parmesan! EASY and quick, simply bread the chicken cutlets with Parmesan and crumbs, bake in the oven, and top with a fresh, homemade tomato sauce. This baked chicken parmesan is delicious. Serve with noodles."
"Pan Simmered Pacific Black Cod","25 min","https://www.simplyrecipes.com/author/elise-bauer/","Low Carb","Pacific black cod (sable fish) cooked in a broth of sake, rice vinegar, soy sauce and oil, delicious!"
"Broccoli and Cheddar Quesadillas","30 min","https://www.simplyrecipes.com/author/nick-evans/","Vegetarian","Welcome to Eat Your Food! It's our recipe column with real meals for real kids. This broccoli and cheddar quesadilla may just make a believer out of your kids—and the spicy pico de gallo keeps it interesting for adventurous kids and adults alike."
"Sautéed Petrale Sole in Herb Butter Sauce","20 min","https://www.simplyrecipes.com/author/elise-bauer/","Gluten-Free, Low Carb","Pacific petrale sole fillets, quickly sauteed and served with a sauce of white wine, shallots, butter, and herbs."
"Pork Chops with Braised Cabbage","35 min","https://www.simplyrecipes.com/author/elise-bauer/","Gluten-Free, Low Carb, Paleo","Seared cabbage and onions that are then braised with caraway, celery seed, mustard and a little stock or water."
"Cod with Tomato and Orange","35 min","https://www.simplyrecipes.com/author/elise-bauer/","Gluten-Free","Cod fillets cooked in onions, green olives, tomatoes and orange slices."
"Pasta with Tuna and Arugula","25 min","https://www.simplyrecipes.com/author/elise-bauer/","","Quick, easy, and surprisingly delicious, pasta with wilted arugula and a sauce made of olive oil, garlic, red pepper flakes and canned tuna."
"Pasta Pomodoro with Shrimp","30 min","https://www.simplyrecipes.com/author/elise-bauer/","","Pasta Pomodoro—angel hair pasta tossed with sautéed shrimp, garlic, tomatoes, and basil. Only 30 minutes!"
"Mediterranean Chickpea Bowls with Tahini Sauce","25 min","https://www.simplyrecipes.com/author/sabrina-modelle/","Gluten-Free, Vegan, Vegetarian","Mediterranean chickpea bowls with creamy tahini sauce! Made with spiced chickpeas, spinach, cherry tomatoes, cucumbers, red onions, and brown rice. Great make-ahead meal for lunches or dinners."
"Shrimp Cakes","30 min","https://www.simplyrecipes.com/author/elise-bauer/","Healthy","These easy Shrimp Cakes are such a good weeknight meal. They're made with shrimp and sweet potatoes mixed with garlic and other spices. Serve with tartar sauce and coleslaw!"
"Quick Beef Stir-Fry with Bell Peppers","25 min","https://www.simplyrecipes.com/author/elise-bauer/","Gluten-Free, Low Carb, Paleo","Quick stir-fried beef strips with sliced onions and red and green bell peppers."
"Weeknight Chicken Ramen","30 min","https://www.simplyrecipes.com/author/sally-vargas/","","A warm bowl of ramen need not be a big ordeal of time or fuss, as this weeknight chicken ramen attests. Boost store-bought chicken broth with some flavor enhancers and assemble your bowls in under 30 minutes."
"Chicken with Creamy Mushroom Sage Sauce","30 min","https://www.simplyrecipes.com/author/elise-bauer/","Gluten-Free, Low Carb","Skinless, boneless chicken breasts with a creamy mushroom sauce with vermouth, cream, and sage."
"Pork Chops with Pomegranate Glaze","30 min","https://www.simplyrecipes.com/author/sally-vargas/","Gluten-Free","Pan-seared pork chops with a quick pomegranate juice glaze. Top with pomegranate seeds and parsley. 30 minutes to make."
"Shrimp, Lemon, Spinach Linguine","45 min","https://www.simplyrecipes.com/author/elise-bauer/","","Sautéed shrimp with caramelized lemons, tossed with shallots, spinach and linguine. Delicious!"
"Honey Apple Cider Glazed Salmon","25 min","https://www.simplyrecipes.com/author/elise-bauer/","Gluten-Free, Low Carb","Honey Glazed Salmon Recipe with the addition of apple cider for a delicious caramelized flavor. Salmon fillets are cooked in a honey and apple cider glaze on stovetop, then served over fresh wilted spinach."
"Chicken and Apples in Honey Mustard Sauce","30 min","https://www.simplyrecipes.com/author/elise-bauer/","","Simple and quick chicken breast with apples cooked in broth, with a honey mustard sauce."
"Easy Croque-Madame (Ham and Grilled Cheese Sandwich with Fried Egg)","20 min","https://www.simplyrecipes.com/author/sheryl-julian/","","Ever had a Croque-Madame? This is a classic French ham and grilled cheese sandwich, topped with a fried egg! Great for an easy lunch or dinner."
"Baked Scallops","35 min","https://www.simplyrecipes.com/author/elise-bauer/","","These baked scallops are so easy and delicious! First, simmer them with a little wine, and then briefly bake them with a creamy sauce."
"Pot Sticker Stir-Fry + First Look at Nom Nom Paleo’s New Cookbook","40 min","https://www.simplyrecipes.com/author/coco-morante/","Gluten-Free, Low Carb, Paleo","Pot Sticker Stir-Fry from Michelle Tam's new Nom Nom Paleo book "Ready or Not!" It's like eating pot stickers, but without the wrapper. Made with carrots, mushrooms, ginger, pork, and Napa cabbage."
"Coconut Curry Mussels","30 min","https://www.simplyrecipes.com/author/garrett-mccord/","Gluten-Free, Low Carb, Paleo","Looking for a mussels recipe with Wow factor? This is it. Fresh mussels cooked in and served with a spicy coconut curry broth."
"Salmon Avocado Poke Bowl","20 min","https://www.simplyrecipes.com/author/lisa-lin/","Gluten-Free","Hawaiian poke is a rice bowl topped with fresh fish and lots of fun toppings, like avocado! A super simple, light meal. Look for sushi-grade salmon when shopping."
"Quick and Easy Shrimp with Angel Hair Pasta","30 min","https://www.simplyrecipes.com/author/elise-bauer/","","Easy 30-min dinner! Shrimp sautéed in olive oil with ginger, garlic, and colorful red and green bell pepper, tossed with angel hair pasta."
"Grilled Salmon with Dill Butter","25 min","https://www.simplyrecipes.com/author/elise-bauer/","Gluten-Free, Low Carb, Paleo","Simple and easy, grilled salmon with dill butter and lemon. Low carb and paleo too!"
"Hanger Steak with Shallots","30 min","https://www.simplyrecipes.com/author/elise-bauer/","Gluten-Free, Low Carb","Tender juicy hanger steak! Learn how to cook hanger steak by quickly sautéing and served with a sauce of shallots and butter in a wine reduction."
"Cilantro Lime Shrimp","20 min","https://www.simplyrecipes.com/author/elise-bauer/","Low Carb, Paleo","Cilantro lime shrimp! Simple sautéed shrimp with garlic, cilantro, green chile and lime."
"Skillet Shrimp and Asparagus","30 min","https://www.simplyrecipes.com/author/elise-bauer/","Gluten-Free","Skillet Shrimp and Asparagus, only use one pan! Quick, easy, and delicious, perfect for a midweek meal."
"Grilled Flank Steak with Mushrooms","40 min","https://www.simplyrecipes.com/author/elise-bauer/","Gluten-Free, Low Carb","Grilled Flank Steak with Mushrooms is the perfect summer dinner: fast, easy, and delicious, plus it feeds the whole family. Don't skip the mushrooms! They're simmered with rosemary and red wine, and make this simple dinner feel restaurant-worthy."
"Hoisin Glazed Baked Salmon","45 min","https://www.simplyrecipes.com/author/elise-bauer/","Low Carb","Quick and easy broiled salmon fillets with a hoisin sauce glaze."
"Tilapia with Olives, Mushrooms, and Tomatoes","35 min","https://www.simplyrecipes.com/author/elise-bauer/","Gluten-Free, Low Carb, Paleo","One of our favorite tilapia recipes! This quick and easy one-pan meal is cooks the tilapia with onions, garlic, diced tomatoes, mushrooms, and olives."
"Chicken Prosciutto","40 min","https://www.simplyrecipes.com/author/elise-bauer/","Gluten-Free, Low Carb","Chicken prosciutto! with boneless, skinless chicken breasts with butter toasted sage, wrapped in prosciutto."
"Broccoli, Chicken, and Almond Sauté","30 min","https://www.simplyrecipes.com/author/elise-bauer/","Gluten-Free, Low Carb, Paleo","Broccoli, first blanched, then sautéed briefly with sliced grilled chicken, toasted almonds, sesame oil, and red chile flakes."
"How to Cook Chicken in the Instant Pot","35 min","https://www.simplyrecipes.com/author/coco-morante/","Low Carb, Paleo","Need chicken fast? The pressure cooker is the way to go! This method is fast, simple, and fool proof. Keep the seasoning simple or mix it up depending on how you're serving the chicken."
"Fettuccine with Creamy Tomato Italian Sausage Sauce","51 min","https://www.simplyrecipes.com/author/elise-bauer/","","Fettuccine pasta with a rich and creamy, tomato and Italian sausage sauce.  Absolute crowd pleaser."
"Pork Stir Fry with Green Onion","25 min","https://www.simplyrecipes.com/author/elise-bauer/","Gluten-Free, Low Carb, Paleo","Lean pork sliced into shreds and stir-fried Chinese style with green onions and garlic."
"Lemon Pesto Turkey Pasta","30 min","https://www.simplyrecipes.com/author/elise-bauer/","","This Lemon Pesto Turkey Pasta is an easy way to use up leftover holiday turkey! With bowtie pasta, basil pesto and lemon zest, carbonara style"
"Shrimp with Olives, Tomatoes, and Orzo","35 min","https://www.simplyrecipes.com/author/elise-bauer/","","This Shrimp Orzo with Olives and Tomatoes is a perfect easy midweek dinner with shrimp, black olives, fresh tomatoes, capers, garlic, arugula, and orzo pasta."
"Teriyaki Chicken Breasts","30 min","https://www.simplyrecipes.com/author/elise-bauer/","Gluten-Free","Easy Teriyaki Chicken! How to make teriyaki chicken with skinless chicken breasts poached in homemade teriyaki sauce, served with toasted sesame seeds. Quick and easy 30-min recipe!"
"Chipotle Meatballs","45 min","https://www.simplyrecipes.com/author/elise-bauer/","","Ground pork formed into meatballs with minced bacon, garlic, eggs, bread crumbs, and oregano, cooked with a chipotle chili and tomato sauce."
"Mediterranean Chicken Salad","35 min","https://www.simplyrecipes.com/author/elise-bauer/","Gluten-Free","Easy, healthy Mediterranean style chicken salad! With olive oil, vinegar, olives, capers, onions and fresh herbs."
"Danish Pork Burgers","30 min","https://www.simplyrecipes.com/author/elise-bauer/","","Danish frikadeller pork burgers recipe. Ground pork mixed with eggs, crumbled saltine crakers and onions, shaped into patties and fried. Serve with Dijon mustard."
"Shrimp with Zucchini Noodles and Lemon-Garlic Butter","45 min","https://www.simplyrecipes.com/author/sabrina-modelle/","Gluten-Free, Paleo","Zucchini noodles with shrimp! Toss with lemon-garlic butter for a quick, easy dinner. Ready in 30 minutes."
"Rosemary Duck with Apricots","2 hrs, 10 min","https://www.simplyrecipes.com/author/elise-bauer/","Gluten-Free","Duck breast seasoned with rosemary and served with a sweet sour apricot sauce."
"Shell Pasta with Sausage and Greens","45 min","https://www.simplyrecipes.com/author/elise-bauer/","","Shell pasta with sausage and greens, made with shell pasta, Italian sausage, and kale or broccoli rabe."
"Salmon with Fennel Baked in Parchment","30 min","https://www.simplyrecipes.com/author/elise-bauer/","Gluten-Free, Low Carb, Paleo","Quick and easy, salmon fillets, nestled on a bed of fennel, dotted with lemon and butter, baked in a pouch of parchment paper."
"Turkey Stew with Peppers and Mushrooms","45 min","https://www.simplyrecipes.com/author/elise-bauer/","","Turkey stew with chunks of turkey, onions, garlic, bell peppers, and mushrooms in a smooth but tangy yogurt-tomato base."
"Cod Poached in Court Bouillon","20 min","https://www.simplyrecipes.com/author/elise-bauer/","Gluten-Free, Low Carb, Paleo","Cod poached in water infused with bay leaves, garlic, salt, and olive oil."
"Pasta with Spinach, Mushrooms, and Brown Butter","20 min","https://www.simplyrecipes.com/author/sally-vargas/","Vegetarian","Brown butter makes everything taste better, especially this pasta with spinach and mushrooms. It's a quick and easy dinner!"
"Skillet Chicken with Baby Bok Choy","30 min","https://www.simplyrecipes.com/author/coco-morante/","Gluten-Free","Chicken cutlets and baby bok choy make a super fast and easy weeknight meal. 30 minutes, start to finish. Cooks all in one pan, so minimal clean up."
"Slow-Roasted Salmon with Sweet Chili Glaze and Scallions","30 min","https://www.simplyrecipes.com/author/sally-vargas/","Gluten-Free, Healthy, Low Carb","Ever slow-roast salmon? So good! Tender and silky. We do this one with a glaze of sweet chili sauce and scallions. Easy dinner party recipe."
"Turmeric Cauliflower Curry","35 min","https://www.simplyrecipes.com/author/sally-vargas/","Gluten-Free, Vegetarian","Easy vegetarian Cauliflower Curry with lots of anti-inflammatory Turmeric! With cauliflower, potatoes, tomatoes, and peas. 30 minutes."
"Mozzarella and Tomato Skillet Pita Pizzas","35 min","https://www.simplyrecipes.com/author/sheryl-julian/","Vegetarian","Quick and easy caprese pita pizzas, cooked in a skillet! With tomatoes, mozzarella, basil, and pita bread."
"Mushroom Toast with Fried Egg","25 min","https://www.simplyrecipes.com/author/sheryl-julian/","Vegetarian","Sautéed mushrooms on toast and topped with a fried egg make a satisfying meat-free meal on days when you need something easy. Make it for breakfast, lunch, or dinner — it's good any time of day!"
"Quick Sausage, Kale, and Crouton Sauté from Smitten Kitchen Every Day","30 min","https://www.simplyrecipes.com/author/summer-miller/","","Try this Quick Sausage, Kale, and Crouton Sauté from Deb Perelman's new cookbook, Smitten Kitchen Every Day! It's a fast meal that's easy to adapt and is always a hit at dinner time."
"Soba Noodle Soup with Chicken and Bok Choy","30 min","https://www.simplyrecipes.com/author/sally-vargas/","","This soba noodle soup with chicken and baby bok choy is speedy comfort food! Seasoned with ginger, lime, scallions, and herbs. A true 30-minute meal."
"Tuna Burgers with Dill Olive Mayo","33 min","https://www.simplyrecipes.com/author/summer-miller/","","Tuna burgers to the rescue when you need dinner in a hurry and you're drawing a blank! Grab a can of tuna from the cupboard and you're mostly done. Some dill olive mayo takes it over the top!"
"Pork Chops with Ginger Pear Sauce","35 min","https://www.simplyrecipes.com/author/elise-bauer/","Gluten-Free, Paleo","Pan-seared pork chops with a sweet and sour pear and ginger sauce. Perfect for the fall, cooks up in minutes and only uses one pot!"
"Pasta with Turkey Meatballs and Roasted Vegetables","45 min","https://www.simplyrecipes.com/author/coco-morante/","","Pasta dinner with turkey meatballs and roasted vegetables. Toss with olive oil, lemon juice, and parsley. Quick, easy, and satisfying. Ready in about 30 minutes."
"Baked Salmon with Avocado Mango Salsa","30 min","https://www.simplyrecipes.com/author/elise-bauer/","Gluten-Free, Paleo","Oven-baked salmon fillets served with avocado, mango, chile, lime salsa."
"Skillet Chermoula Chicken","40 min","https://www.simplyrecipes.com/author/elise-bauer/","Gluten-Free, Low Carb, Paleo","Chicken thighs with spicy chermoula sauce, a North African parsley and cilantro pesto."
"Salmon Provencal","30 min","https://www.simplyrecipes.com/author/elise-bauer/","Gluten-Free, Low Carb, Paleo","Baked salmon provencal recipe with a sauce of fresh tomatoes, fresh chopped herbs, a few shallots, lemon juice, balsamic and olive oil."
"Pork Medallions with Mustard-Caper Sauce","20 min","https://www.simplyrecipes.com/author/elise-bauer/","Gluten-Free, Low Carb","Pork tenderloin medallions, sauteed in butter and served with a caper mustard cream sauce."
"Chicken, Mushrooms, and Tomatoes with Port Wine","30 min","https://www.simplyrecipes.com/author/elise-bauer/","Gluten-Free","Pan-cooked boneless, skinless, chicken breasts, with mushrooms, fresh tomatoes, and port wine."
"Shrimp and Artichoke Pasta","30 min","https://www.simplyrecipes.com/author/elise-bauer/","","Pasta with shrimp, artichoke hearts, basil pesto, and peas. A great quick, pull-together meal."
"Baked Fish with Parmesan Breadcrumbs","25 min","https://www.simplyrecipes.com/author/simply-recipes-team/","","This easy flounder with Parmesan breadcrumbs is the perfect vacation dinner. It's quick to make with shredded Parmesan Cheese & there's plenty for everyone. Cheesy breadcrumbs FTW!"
"Spicy Garlic Shrimp with Coconut Rice","20 min","https://www.simplyrecipes.com/author/elise-bauer/","Gluten-Free","Here's a classic recipe for Camarones al Ajillo, a.k.a. spicy garlic shrimp! The shrimp gets quickly sautéed with garlic and jalapeno, then mixed with some coconut rice. Serve with coconut rice for a full meal."
"Vietnamese-Style Sticky Chicken Skewers","30 min","https://www.simplyrecipes.com/author/sally-vargas/","Gluten-Free, Paleo","These Vietnamese Sticky Chicken Skewers balance all the flavors—sweet, salty, sour, and savory! Great as a party appetizer or fun weeknight meal."
"Pasta with Roasted Tomatoes and Creamy Herb Cashew Sauce","25 min","https://www.simplyrecipes.com/author/erin-alderson/","Dairy-Free, Vegan, Vegetarian","Pasta? Check. Roasted tomatoes? Check. Creamy vegan cashew sauce? Absolutely CHECK! This recipe is so simple, but it delivers big on both flavor and creaminess. Make the cream sauce ahead of time and dinner is ready in no time."
"Savory Dutch Baby Pancake with Salmon and Fried Egg","30 min","https://www.simplyrecipes.com/author/sally-vargas/","","From its dramatic puffy rise to its whole grain flavor, this Dutch baby pancake is a winner. Top it with smoked salmon and fried eggs and serve it for brunch — or for dinner!"
"Grilled Salmon with Peach Salsa","30 min","https://www.simplyrecipes.com/author/sabrina-modelle/","","A peach-avocado salsa is a delicious complement to this grilled salmon. A grill pan ensures the salmon stays crispy throughout the cooking process without sticking to the grill. Winner!"
"Farro, Mushroom, and Spinach Soup","35 min","https://www.simplyrecipes.com/author/sally-vargas/","Vegetarian","Quick and simple vegetarian dinner of grains, mushrooms, and spinach. Great for lunch, too! 30-minute one-pot meal."
"Spicy Grilled Chicken Tacos","35 min","https://www.simplyrecipes.com/author/sally-vargas/","","Spicy grilled chicken tacos! Quick marinade, then grill. Ready in about 30 minutes. Great for a quick weeknight dinner, backyard cookouts, and tailgate parties."
"Fresh Salmon Cakes with Spicy Mayo","35 min","https://www.simplyrecipes.com/author/sheryl-julian/","","Fish cakes made with fresh-cooked salmon! So incredibly tender and flavorful, especially with spicy mayo sauce! Great way to use up leftover salmon, too."
"Chinese Smashed Cucumber Chicken Salad","35 min","https://www.simplyrecipes.com/author/sabrina-modelle/","Gluten-Free, Low Carb, Paleo","This Chinese smashed cucumber salad with bits of shredded chicken is so fast and easy. Great for hot summer nights."
"How to Do a New England Clambake at Home","30 min","https://www.simplyrecipes.com/author/sally-vargas/","Gluten-Free","You don't need to be in Cape Cod in order to make this clambake. Just follow these instructions for a one-pot clambake, New England style, in the comfort of your own home."
"Zucchini Noodle Chicken Pesto Bowl","30 min","https://www.simplyrecipes.com/author/elise-bauer/","Gluten-Free, Low Carb","Quick and easy, sautéed zucchini noodles tossed with pesto, chicken and tomatoes."
"Turkey Tacos with Cranberry Salsa","25 min","https://www.simplyrecipes.com/author/elise-bauer/","Gluten-Free","Turkey tacos recipe with cranberry salsa! Another great way to use up Thanksgiving turkey leftovers."
"Happy Shrimp Stir Fry","25 min","https://www.simplyrecipes.com/author/jaden-hair/","Gluten-Free","A favorite dish for Chinese New Year, shrimp stir-fried in a sauce of ketchup, rice vinegar, sesame oil, sugar, and broth, and served on a bed of lettuce."
"Cheese Tacos","10 min","https://www.simplyrecipes.com/author/elise-bauer/","Gluten-Free","Simple and easy cheese tacos recipe, made with corn tortillas, fried in a little butter, folded over grated cheddar or Monterey Jack cheese.  Also known as quesadillas."
"Jim’s Famous Hamburger","","https://www.simplyrecipes.com/author/elise-bauer/","Low Carb","Juicy, grilled hamburger recipe seasoned with fresh rosemary and A1 sauce and topped with lettuce, tomato, onions, and avocado."
"Angel Hair Pasta with Quick Cherry Tomato Sauce","20 min","https://www.simplyrecipes.com/author/sheryl-julian/","Vegetarian","This Angel Hair Pasta with Cherry Tomato Sauce is so quick and easy! Ready in about 20 minutes flat, and SO GOOD! Best with fresh summer cherry tomatoes."
"Chicken with Goat Cheese and Arugula","30 min","https://www.simplyrecipes.com/author/elise-bauer/","Gluten-Free, Low Carb","Skinless, boneless chicken breasts, pounded thin, wrapped around an arugula and goat cheese stuffing and roasted."
"Moroccan-Spiced Sweet Potato and Chickpea Stew","40 min","https://www.simplyrecipes.com/author/sabrina-modelle/","Gluten-Free, Vegan, Vegetarian","Moroccan-spiced vegetable and chickpea stew seasoned with ras el hanout spice mix (cumin, coriander, ginger, and cinnamon). Vegan and gluten-free. 30-minute cooking time."
"Soba Noodle Bowls with Spinach and Poached Eggs","25 min","https://www.simplyrecipes.com/author/sally-vargas/","Vegetarian","EASY and FAST Soba Noodle Bowls. With spinach, poached eggs, and sesame seeds. 20 minutes to make."
"Baked Tilapia with Sun-dried Tomato Parmesan Crust","30 min","https://www.simplyrecipes.com/author/elise-bauer/","","Easy baked tilapia fillets with sun-dried tomato, Parmesan, breadcrumb crust, and optional berry sauce."
"Chicken Mango Lettuce Wraps","25 min","https://www.simplyrecipes.com/author/elise-bauer/","Gluten-Free","Chicken Mango Lettuce wraps are light and nourishing, made with stir fried chicken, shiitake mushrooms, and diced mango, served in wraps of lettuce!"
"Crispy Curried Chicken Thighs with Wilted Greens","30 min","https://www.simplyrecipes.com/author/sabrina-modelle/","Gluten-Free, Paleo","Crispy curried chicken thighs! Serve with quick-sautéed onions and wilted greens. Easy 30 minute meal. Gluten-free and paleo."
"Chicken with Creamy Cassis Sauce","25 min","https://www.simplyrecipes.com/author/elise-bauer/","","Chicken with Creamy Cassis Sauce! Chicken breasts lightly sautéed and served with a sauce made with cream, white wine, and creme de cassis, a liqueur made from blackcurrants."
"Sesame Chicken Fingers with Spicy Orange Dipping Sauce","45 min","https://www.simplyrecipes.com/author/elise-bauer/","","Chicken fingers, tenders marinated in buttermilk, breaded with panko and sesame seeds, baked, served with spicy orange sauce"
"Citrus Pork with Egg Noodles","35 min","https://www.simplyrecipes.com/author/elise-bauer/","","Citrus Pork with Egg Noodles is quick and easy, perfect for a midweek dinner! With strips of pork loin sautéed with cumin and garlic, served in a citrusy sauce with carrots and egg noodles."
"Lemony Spaghetti with Peas and Ricotta","35 min","https://www.simplyrecipes.com/author/sally-vargas/","Vegetarian","Lemony Spaghetti with Peas and Ricotta! Mix up your pasta night routine with this recipe! Comes together quickly with just a few ingredients."
"Miso Glazed Chicken Wings","40 min","https://www.simplyrecipes.com/author/megan-keno/","Low Carb","Quick and easy miso glazed chicken wings, perfect for game day or a fun weeknight dinner!"
"Pork Mango Picadillo","25 min","https://www.simplyrecipes.com/author/elise-bauer/","Gluten-Free","Spicy ground pork with mango, almonds, and cilantro. Perfect over rice!"
"Fattoush Bread Salad","30 min","https://www.simplyrecipes.com/author/sheryl-julian/","Vegetarian","Easy Middle Eastern fattoush! Crispy pita chips, fresh vegetables, and a tangy dressing. 30 minutes."
"Chicken and Avocado Salad with Buttermilk Dressing","30 min","https://www.simplyrecipes.com/author/sally-vargas/","","This simple, satisfying salad is the perfect way to use up leftover chicken. Top it with a zingy buttermilk dressing and a wedge if garlicky toast!"
"Flank Steak with Orange and Avocado Salsa","21 min","https://www.simplyrecipes.com/author/sally-vargas/","Gluten-Free","Switch up your dinner routine this flank steak and citrus-avocado salsa! It's easy to make on the stovetop or on a grill, and feeds the whole family. Serve as tacos or over salad greens."
"Buffalo Cauliflower Tacos with Ranch Sauce","25 min","https://www.simplyrecipes.com/author/erin-alderson/","Dairy-Free, Vegan, Vegetarian","These Buffalo Cauliflower Tacos are a great meat-free main—all the flavor of buffalo wings, but made with cauliflower! Top these easy tacos with vegan ranch dressing and serve."
"Whole Wheat Pasta with Kale Pesto","30 min","https://www.simplyrecipes.com/author/sally-vargas/","Vegetarian","This Whole Wheat Pasta with Kale Pesto is a quick and easy meatless dinner! Make your pesto with cashews for extra creaminess. Blanching the kale also helps keep the pesto green."
"Texas Stacked Enchiladas with Corn and Black Beans","35 min","https://www.simplyrecipes.com/author/sally-vargas/","Vegetarian","Think of these as a deconstructed enchilada: warm corn tortillas layered with sweet corn, black beans, cheese, and spicy salsa. They're quicker and easier than traditional enchiladas, great for a weeknight meal!"
"Pork Chops with Sweet and Sour Sauce","25 min","https://www.simplyrecipes.com/author/elise-bauer/","Gluten-Free","Quick and easy pork chops with a sweet and sour sauce made with red currant jelly and Dijon mustard. 25 minutes start to finish!"
"Swordfish with Smoked Paprika","20 min","https://www.simplyrecipes.com/author/hank-shaw/","","Chunks of swordfish sautéed with fresh tomatoes, smoked paprika and pine nuts."
"Grilled Fish Tacos with Strawberry Pineapple Salsa","40 min","https://www.simplyrecipes.com/author/sabrina-modelle/","Gluten-Free, Paleo","Grilled Fish Tacos topped with a sweet and tangy Strawberry Pineapple Salsa! This is the perfect summer meal: light, fresh, and fast. Great for a party."
"Spicy Grilled Turkey Burger with Coleslaw","","https://www.simplyrecipes.com/author/elise-bauer/","","Spicy grilled turkey burger served with tomatoes, sweet pickles, and coleslaw.  Not your everyday turkey burger, these have fresh chives, bread crumbs, basil and Tabasco sauce."
"Chicken Marsala with Pancetta and Cream","40 min","https://www.simplyrecipes.com/author/elise-bauer/","Low Carb","This Chicken Marsala is so creamy, and so good! Learn how to make Chicken Marsala with breaded chicken cutlets in a Marsala wine, pancetta, and cream sauce. The secret is in the pancetta!"
"Grilled Salsa Verde Chicken","1 hr, 35 min","https://www.simplyrecipes.com/author/sally-vargas/","Paleo","Hot summer weather just begs for easy, fast meals on the grill, and this Salsa Verde Chicken is exactly that. With homemade or store-bought salsa verde, they require almost zero effort but deliver big flavor."
"One-Pan Roasted Harissa Salmon with Vegetables","30 min","https://www.simplyrecipes.com/author/sabrina-modelle/","Low Carb","One-pan roasted salmon, rubbed with Moroccan harissa spice, roasted with green beans, bell peppers, and cherry tomatoes. Easy and elegant!"
"Rosemary Chicken Skewers with Berry Sauce","1 hr, 40 min","https://www.simplyrecipes.com/author/garrett-mccord/","Gluten-Free","Marinated in rosemary, these sweet and savory grilled chicken skewers are served with a delicious blackberry sauce. How to make chicken skewers that are equally unexpected and delicious."
"Ginger Chicken with Almonds","30 min","https://www.simplyrecipes.com/author/elise-bauer/","Gluten-Free, Low Carb","Delicious ginger chicken! Chicken strips, marinated in coriander and ginger, stir-fried with scallions and ginger, served mixed with mango chutney and topped with toasted almonds."
"Sautéed Shrimp with Tropical Fruit Salsa","25 min","https://www.simplyrecipes.com/author/jaden-hair/","Gluten-Free","Sautéed shrimp topped with a mango pineapple kiwi salsa and toasted coconut flakes. 1 pot and takes only 25 minutes to make!"
"Pasta with Artichoke Hearts, Sun Dried Tomatoes, and Toasted Almonds","25 min","https://www.simplyrecipes.com/author/elise-bauer/","Gluten-Free, Vegan, Vegetarian","Fusilli pasta tossed with marinated artichoke hearts, sun-dried tomatoes, and toasted almonds."
"Quick Green Curry Chicken with Zucchini Noodles","35 min","https://www.simplyrecipes.com/author/lisa-lin/","Gluten-Free, Paleo","Quick Green Curry Chicken with Zucchini Noodles! Use store-bought green curry for a fast dinner and keep it light with zucchini noodles instead of rice noodles."
"Grilled Chicken Tarragon with Tomato Sauce","35 min","https://www.simplyrecipes.com/author/elise-bauer/","Gluten-Free, Paleo","Simple and easy, grilled chicken recipe, topped with a tomato tarragon sauce."
"Kung Pao Chicken","25 min","https://www.simplyrecipes.com/author/garrett-mccord/","Gluten-Free","Skip take-out and make this Kung Pao Chicken at home! This spicy, sweet Chinese stir-fry is made with hot chilis, Szechwan peppercorns, garlic, ginger, and unsalted peanuts. Serve with rice for a weeknight meal."
"Pasta with Sausage, Tomatoes and Roasted Peppers","30 min","https://www.simplyrecipes.com/author/elise-bauer/","","Pasta tossed with Italian sausage, roasted red bell peppers, olives, capers, fresh tomato and basil"
"Turkey Taco Salad","35 min","https://www.simplyrecipes.com/author/sally-vargas/","Gluten-Free","Taco Salad made with healthy ground turkey, black beans, and corn. Serve warm or cold over romaine lettuce with fresh tomatoes, avocados, and shredded cheese. Perfect for a mid-week meal or make-ahead lunch."
"Chicken Pasta with Thyme-Mint Cream Sauce","40 min","https://www.simplyrecipes.com/author/elise-bauer/","","Cubed chicken sautéed in olive oil, served with pasta in a creamy sauce infused with thyme, mint, and honey."
"Pasta with Roasted Cauliflower and Prosciutto","50 min","https://www.simplyrecipes.com/author/elise-bauer/","","Orecchiette pasta tossed with roasted cauliflower, roasted cherry tomatoes, prosciutto, arugula, and Parmesan."
"Steak Salad with Miso Vinaigrette","35 min","https://www.simplyrecipes.com/author/sabrina-modelle/","Gluten-Free, Low Carb, Paleo","QUICK and EASY steak salad with a light miso vinaigrette. Ready in 30 minutes, or make-ahead for an even quicker weekday meal. Gluten-free."
"Three Teacup Chicken","20 min","https://www.simplyrecipes.com/author/garrett-mccord/","Gluten-Free","Three Teacup Chicken is so good! A classic Chinese chicken dish with ginger, garlic, scallions, and soy sauce. Quick and easy! Takes only 20 minutes to make. One Pot."
"Grilled Cheese Sandwich with Mozzarella, Red Peppers, and Arugula","20 min","https://www.simplyrecipes.com/author/garrett-mccord/","Vegetarian","Ready to try a new kind of grilled cheese? This Grilled Cheese with Mozzarella, Roasted Red Peppers, and Arugula is sweet, peppery, and too tempting to pass up!"
"Steamed Mussels in Tomato Sauce","30 min","https://www.simplyrecipes.com/author/nick-evans/","","Fresh mussels steamed in tomato sauce and served over pasta is the ultimate comfort food! Luckily, fresh mussels are readily available these days AND they are easy to prepare."
"Sweet Corn and Goat Cheese Quesadillas","25 min","https://www.simplyrecipes.com/author/carrie-havranek/","Vegetarian","Sweet corn! Zucchini! Goat cheese! Basil! Fold these up in a quesadilla, and you've got one quick dinner. If you need a super easy meal to make on a hot summer day, this is definitely it."
"Sweet Corn Gnocchi Skillet","35 min","https://www.simplyrecipes.com/author/nick-evans/","Vegetarian","It's sweet corn season! Make the most of it with this sweet and creamy Sweet Corn Gnocchi Skillet. Fast, filling, and kid-friendly—it's a win for everyone!"
"Easy Avocado and Black Bean Quesadillas","25 min","https://www.simplyrecipes.com/author/carrie-havranek/","Vegetarian","Creamy avocados and savory black beans are a great match. Load them onto a quesadillas, add a mix of cheeses, and dinner is served in minutes! This is such an easy and kid-friendly weeknight dinner."
"14 Meals Ready in Under 30 Minutes","","https://www.simplyrecipes.com/author/claudia-cash/","","Crazy week? We hear you. Bookmark this round-up of easy 30-minute meals and you'll be set for those nights when dinner seems impossible."
"Easy Summer Vegetable Pizzas","18 min","https://www.simplyrecipes.com/author/sally-vargas/","Vegetarian","Flatbread pizza made with naan is quick, easy, and ready in less than 20 minutes. This version is loaded with fresh vegetables and herbs, but you can add any toppings you want. The sky’s the limit!"
"Easy Green Chicken Chili","35 min","https://www.simplyrecipes.com/author/nick-evans/","Dairy-Free, Healthy","This Easy Green Chicken Chili uses mild, roasted Hatch peppers and rotisserie chicken for a quick, delicious, kid-friendly soup. Use fresh-roasted, frozen, or jarred Hatch chiles. We love it topped with crispy tortilla chips and sliced avocado!"
"Crispy Panko Fish Sticks","30 min","https://www.simplyrecipes.com/author/nick-evans/","","Hello, homemade Panko Fish Sticks! Say goodbye to soggy fish sticks from the freezer! These fish sticks are ready for the table in about 30 minutes and are sure to please the whole family."
"Vegan Sloppy Joes","40 min","https://www.simplyrecipes.com/author/nick-evans/","Vegan, Vegetarian","These Vegan Sloppy Joes are made with green lentils and a spice blend so good you’ll be licking the plate. You won't miss the meat! Great make-ahead or freezer meal, too."
"Maria Lichty’s Pesto Havarti Mac and Cheese","20 min","https://www.simplyrecipes.com/author/carrie-havranek/","Vegetarian","Mac and cheese goes green with this spinach and basil pesto from cookbook author Maria Lichty of Two Peas and Their Pod. Havarti adds a silky, creamy touch to this comfort food classic."
"Grilled Cheese BLT","20 min","https://www.simplyrecipes.com/author/aaron-hutcherson/","","Finally! This Grilled Cheese BLT means you'll never have to choose between two delicious sandwiches for your lunch ever again. Have them both! Right now!"
"Crab Cakes","30 min","https://www.simplyrecipes.com/author/sally-vargas/","","You don’t need to travel to Maryland for delicious, easy-to-make crab cakes. Make them in the comfort of your own home in about 30 minutes. Serve them on a bed of lettuce or a bun, just don’t forget the lemon wedges!"
"BBQ Chicken Sheet Pan Pizza","30 min","https://www.simplyrecipes.com/author/aaron-hutcherson/","","What about BBQ chicken for your next pizza?! This recipe uses leftover cooked chicken and balances sweetness with heat with a hickory BBQ sauce. Press the dough into the pan, add the toppings, and you're good to go!"
"Steak Noodle Bowls with Miso-Lime Dressing","25 min","https://www.simplyrecipes.com/author/sally-vargas/","Gluten-Free, Healthy","Looking for a quick, healthy, and satisfying weeknight dinner or workday lunch? These steak noodle bowls are bursting with crunchy sugar snap peas and cucumbers then finished with a zippy miso-lime dressing. All this goodness in under 30 minutes."
"Orecchiette Pasta with Sausage and Kale","30 min","https://www.simplyrecipes.com/author/nick-evans/","","This Sausage and Kale Orecchiette is a great weeknight meal. It uses just a few ingredients and can be made quickly. Great for kids, too!"
"Crispy Cheese and Mushroom Quesadillas","20 min","https://www.simplyrecipes.com/author/sally-vargas/","Vegetarian","Crispy, cheesy quesadillas come together in just minutes! To make these a more complete meal, we add mushrooms to the mix. They make a quick snack, or a full meal with a salad or soup on the side."
"Mediterranean Mezze Platter","20 min","https://www.simplyrecipes.com/author/katie-morford/","Healthy, Vegetarian","A Mezze Platter is an easy, fun, and family-friendly dinner! Use the ingredients listed as a starting point with room to swap in other dips, vegetables, or fruits depending on what’s in season and what you have on hand."
"Cacio e Pepe","30 min","https://www.simplyrecipes.com/author/jessica-gavin/","Vegetarian","Cacio e pepe is the most divine pasta dish made with simple, high quality ingredients. Tender noodles tossed in a two-cheese blend and a hint of cream ensure luscious forkfuls. Freshly cracked black pepper adds tiny spicy bursts of flavor with each bite."
"Chicken Panzanella Salad","30 min","https://www.simplyrecipes.com/author/nick-evans/","Dairy-Free","Who knew stale bread could be so good? This Chicken Panzanella Salad with bread, tomatoes, and shredded chicken is the perfect dinner for a hot summer night. Easy, delicious, and good enough to eat on its own!"
"Easy Chicken Skillet Enchiladas","30 min","https://www.simplyrecipes.com/author/summer-miller/","","These chicken skillet enchiladas are easy to make and ready in 30 minutes. They also use only one pan and are great to double and freeze for a meal down the road!"
"Stovetop Double-Stack Cheeseburgers","25 min","https://www.simplyrecipes.com/author/nick-evans/","","Want a great burger cooked on the stovetop? These double-stacked cheeseburgers are what your cravings desire: thin, tender patties, melty cheese, and a generous amount of secret sauce. Don't forget a napkin!"
"Skillet Shrimp Fajitas","25 min","https://www.simplyrecipes.com/author/nick-evans/","","It's all in the seasoning for these skillet shrimp fajitas! Toss shrimp in some chili powder and red pepper flakes, and then quickly cook them in a skillet with some veggies. Better-than-restaurant quality fajitas are yours in no time!"
"Homemade Pepperoni Pizza","25 min","https://www.simplyrecipes.com/author/nick-evans/","","This Homemade Pepperoni Pizza has everything you want—a great crust, gooey cheese, and tons of pepperoni. The secret to great pepperoni flavor? Hide extra under the cheese! Who needs delivery?"
"Pan-Seared Pork Chops with Garlic and Greens","8 hrs, 25 min","https://www.simplyrecipes.com/author/sally-vargas/","Paleo","These pan-seared pork chops with a side of garlicky greens are the perfect one-pan meal. It's ready in about half an hour, too! P.S. Brining makes all the difference with  making juicy chops, so don't skip it."
"Pan Seared Scallops with Sweet Corn and Chiles","30 min","https://www.simplyrecipes.com/author/sally-vargas/","","Pan seared scallops nestled in a bed of sweet corn and poblano chiles—perfect for sultry summer nights. Invite some friends over, pour a glass of crisp white wine, and watch the fireflies."
"Garlic Herb Steak Bites","25 min","https://www.simplyrecipes.com/author/nick-evans/","","These Garlic Herb Steak Bites can be whatever you want. Appetizer? Serve them with toothpicks. Dinner entrée? Serve them with rice or potatoes! Kids love 'em, too!"
"Grilled Salmon with Cucumber Mango Salsa","23 min","https://www.simplyrecipes.com/author/summer-miller/","Dairy-Free, Gluten-Free, Low Carb, Paleo","This quick and easy grilled salmon is kissed with lime and chili pepper, then topped with a cool, refreshing, colorful, and utterly delicious cucumber mango salsa. It’s okay. Go ahead and do a happy dance—you just won summer!"
"Skirt Steak with Avocado Chimichurri","33 min","https://www.simplyrecipes.com/author/jessica-gavin/","Dairy-Free, Gluten-Free, Low Carb, Paleo","Add a little Argentinian flair to pan-seared skirt steak with a simple avocado chimichurri sauce. The lean and beefy cut cooks in just minutes in a sizzling hot skillet. It’s a quick dinner that will take your taste buds on a South American adventure!"
"4 Skillet Chicken Freezer Meals for Busy Weeknights","","https://www.simplyrecipes.com/author/summer-miller/","","Busy weeks call for freezer meals and skillet dinners! Southwestern, Italian, Herbes de Provence, and Chinese 5-Spice—each one of these skillet chicken dinner is packed with vegetables and on the table in about 35 minutes!"
"How to Cook Skirt Steak","23 min","https://www.simplyrecipes.com/author/jessica-gavin/","Gluten-Free, Low Carb, Paleo","Skirt steak is a meat lover’s dream! This thin, quick-cooking cut is loaded with beefy flavor and stays tender and juicy after briefly searing in a hot pan. Learn how to cook skirt steak with finesse with these simple tips."
"Loaded Sheet Pan Nachos","17 min","https://www.simplyrecipes.com/author/carrie-havranek/","","Whether we're talking a casual movie night with the family or Super Bowl Sunday, these Loaded Sheet Pan Nachos are ready to party! They come together quickly and easily, and are so much fun to each straight from the pan."
"Easy Tomato Soup","40 min","https://www.simplyrecipes.com/author/summer-miller/","Dairy-Free, Vegan, Vegetarian","This Classic Tomato Soup is rich with a velvety texture. It’s easy to make with canned tomatoes, and perfectly suited for all of your grilled cheese dipping needs. Better than a can of Campbell's and just about as easy!"
